{
  "parent": "minecraft:recipes/root",
  "rewards": {
    "recipes": [
      "netherupdateplus:goldenrod_stairs"
    ]
  },
  "criteria": {
    "hasItem": {
      "trigger": "minecraft:inventory_changed",
      "conditions": {
        "items": [
          {
            "item": "netherupdateplus:goldenrod_nether_bricks"
          }
        ]
      }
    },
    "has_the_recipe": {
      "trigger": "minecraft:recipe_unlocked",
      "conditions": {
        "recipe": "netherupdateplus:goldenrod_stairs"
      }
    }
  },
  "requirements": [
    [
      "hasItem",
      "has_the_recipe"
    ]
  ]
}